{"cameraMode":{"drawMode":0,"name":"Shaded","section":"Shading Mode"},"sceneLighting":true,"audioPlay":false,"sceneViewState":{"showFog":true,"showMaterialUpdate":false,"showSkybox":true,"showFlares":true,"showImageEffects":true,"showParticleSystems":true},"in2DMode":false,"pivot":{"x":195.6119842529297,"y":55.82548904418945,"z":64.0192642211914},"rotation":{"x":0.020458843559026719,"y":-0.8252947926521301,"z":0.029990235343575479,"w":0.5635340213775635},"size":108.61161804199219,"orthographic":true}