{"cameraMode":{"drawMode":0,"name":"Shaded","section":"Shading Mode"},"sceneLighting":true,"audioPlay":false,"sceneViewState":{"showFog":true,"showMaterialUpdate":false,"showSkybox":true,"showFlares":true,"showImageEffects":true,"showParticleSystems":true},"in2DMode":false,"pivot":{"x":-16.649093627929689,"y":6.828788757324219,"z":49.21151351928711},"rotation":{"x":-0.18063926696777345,"y":0.7154574990272522,"z":-0.20056401193141938,"w":-0.6444099545478821},"size":407.17010498046877,"orthographic":false}